[
  {
    "id": 1,
    "memberId": "M001",
    "affiliation": "هاديس 🩸",
    "violations": "6س",
    "additionalInfo": "عضو نشط في المجموعة",
    "specialCase": false,
    "createdAt": "2025-06-21T05:15:13.790140",
    "updatedAt": "2025-06-21T05:15:13.790163"
  },
  {
    "id": 2,
    "memberId": "M002",
    "affiliation": "الجليد ❄️",
    "violations": "12س",
    "additionalInfo": "مشرف مساعد",
    "specialCase": true,
    "createdAt": "2025-06-21T05:15:13.790167",
    "updatedAt": "2025-06-21T05:15:13.790169"
  },
  {
    "id": 3,
    "memberId": "M003",
    "affiliation": "الطبيعة 🌿",
    "violations": "1ي",
    "additionalInfo": "",
    "specialCase": false,
    "createdAt": "2025-06-21T05:15:13.790172",
    "updatedAt": "2025-06-21T05:15:13.790174"
  },
  {
    "id": 4,
    "memberId": "M004",
    "affiliation": "ارتوريوس 🛡",
    "violations": "لا يوجد",
    "additionalInfo": "عضو جديد للاختبار",
    "specialCase": false,
    "createdAt": "2025-06-21T05:16:23.126944",
    "updatedAt": "2025-06-21T05:16:23.126954"
  },
  {
    "id": 5,
    "memberId": "TEST002",
    "affiliation": "اختبار الحفظ 💾",
    "violations": "لا يوجد",
    "additionalInfo": "عضو لاختبار الحفظ الدائم",
    "specialCase": false,
    "createdAt": "2025-06-27T19:04:59.642375",
    "updatedAt": "2025-06-27T19:04:59.642386"
  }
]